,timestamp,15min_traffic_count
0,2022-03-12 06:00:00,22
1,2022-03-12 06:15:00,44
2,2022-03-12 06:30:00,50
3,2022-03-12 06:45:00,63
4,2022-03-12 07:00:00,68
5,2022-03-12 07:15:00,109
6,2022-03-12 07:30:00,109
7,2022-03-12 07:45:00,153
8,2022-03-12 08:00:00,155
9,2022-03-12 08:15:00,179
10,2022-03-12 08:30:00,179
11,2022-03-12 08:45:00,191
12,2022-03-12 09:00:00,190
13,2022-03-12 09:15:00,225
14,2022-03-12 09:30:00,231
15,2022-03-12 09:45:00,267
16,2022-03-12 10:00:00,250
17,2022-03-12 10:15:00,272
18,2022-03-12 10:30:00,270
19,2022-03-12 10:45:00,248
20,2022-03-12 11:00:00,292
21,2022-03-12 11:15:00,313
22,2022-03-12 11:30:00,286
23,2022-03-12 11:45:00,331
24,2022-03-12 12:00:00,302
25,2022-03-12 12:15:00,306
26,2022-03-12 12:30:00,300
27,2022-03-12 12:45:00,328
28,2022-03-12 13:00:00,369
29,2022-03-12 13:15:00,325
30,2022-03-12 13:30:00,354
31,2022-03-12 13:45:00,300
32,2022-03-12 14:00:00,274
33,2022-03-12 14:15:00,334
34,2022-03-12 14:30:00,307
35,2022-03-12 14:45:00,267
36,2022-03-12 15:00:00,257
37,2022-03-12 15:15:00,254
38,2022-03-12 15:30:00,251
39,2022-03-12 15:45:00,267
40,2022-03-12 16:00:00,261
41,2022-03-12 16:15:00,239
42,2022-03-12 16:30:00,243
43,2022-03-12 16:45:00,270
44,2022-03-12 17:00:00,254
45,2022-03-12 17:15:00,233
46,2022-03-12 17:30:00,198
47,2022-03-12 17:45:00,223
48,2022-03-12 18:00:00,225
49,2022-03-12 18:15:00,229
50,2022-03-12 18:30:00,248
51,2022-03-12 18:45:00,237
52,2022-03-12 19:00:00,261
53,2022-03-12 19:15:00,234
54,2022-03-12 19:30:00,211
55,2022-03-12 19:45:00,195
56,2022-03-12 20:00:00,195
57,2022-03-12 20:15:00,185
58,2022-03-12 20:30:00,166
59,2022-03-12 20:45:00,157
60,2022-03-12 21:00:00,207
61,2022-03-12 21:15:00,162
62,2022-03-12 21:30:00,168
63,2022-03-12 21:45:00,178
64,2022-03-12 22:00:00,176
65,2022-03-12 22:15:00,172
66,2022-03-12 22:30:00,155
67,2022-03-12 22:45:00,124
68,2022-03-12 23:00:00,99
69,2022-03-12 23:15:00,89
70,2022-03-12 23:30:00,92
71,2022-03-12 23:45:00,79
96,2022-03-13 06:00:00,12
97,2022-03-13 06:15:00,24
98,2022-03-13 06:30:00,41
99,2022-03-13 06:45:00,34
100,2022-03-13 07:00:00,31
101,2022-03-13 07:15:00,31
102,2022-03-13 07:30:00,50
103,2022-03-13 07:45:00,72
104,2022-03-13 08:00:00,65
105,2022-03-13 08:15:00,62
106,2022-03-13 08:30:00,88
107,2022-03-13 08:45:00,81
108,2022-03-13 09:00:00,89
109,2022-03-13 09:15:00,117
110,2022-03-13 09:30:00,133
111,2022-03-13 09:45:00,159
112,2022-03-13 10:00:00,136
113,2022-03-13 10:15:00,143
114,2022-03-13 10:30:00,142
115,2022-03-13 10:45:00,132
116,2022-03-13 11:00:00,167
117,2022-03-13 11:15:00,80
120,2022-03-13 12:00:00,26
124,2022-03-13 13:00:00,206
125,2022-03-13 13:15:00,212
126,2022-03-13 13:30:00,237
127,2022-03-13 13:45:00,206
128,2022-03-13 14:00:00,204
129,2022-03-13 14:15:00,204
130,2022-03-13 14:30:00,222
131,2022-03-13 14:45:00,243
132,2022-03-13 15:00:00,239
133,2022-03-13 15:15:00,222
134,2022-03-13 15:30:00,188
135,2022-03-13 15:45:00,215
136,2022-03-13 16:00:00,203
137,2022-03-13 16:15:00,206
138,2022-03-13 16:30:00,183
139,2022-03-13 16:45:00,139
140,2022-03-13 17:00:00,185
141,2022-03-13 17:15:00,201
142,2022-03-13 17:30:00,204
143,2022-03-13 17:45:00,209
144,2022-03-13 18:00:00,210
145,2022-03-13 18:15:00,213
146,2022-03-13 18:30:00,183
147,2022-03-13 18:45:00,196
148,2022-03-13 19:00:00,183
149,2022-03-13 19:15:00,208
150,2022-03-13 19:30:00,205
151,2022-03-13 19:45:00,164
152,2022-03-13 20:00:00,180
153,2022-03-13 20:15:00,173
154,2022-03-13 20:30:00,167
155,2022-03-13 20:45:00,159
156,2022-03-13 21:00:00,190
157,2022-03-13 21:15:00,176
158,2022-03-13 21:30:00,166
159,2022-03-13 21:45:00,158
160,2022-03-13 22:00:00,131
161,2022-03-13 22:15:00,170
162,2022-03-13 22:30:00,117
163,2022-03-13 22:45:00,86
164,2022-03-13 23:00:00,84
165,2022-03-13 23:15:00,82
166,2022-03-13 23:30:00,63
167,2022-03-13 23:45:00,73
192,2022-03-14 06:00:00,24
193,2022-03-14 06:15:00,54
194,2022-03-14 06:30:00,83
195,2022-03-14 06:45:00,148
200,2022-03-14 08:00:00,615
201,2022-03-14 08:15:00,622
202,2022-03-14 08:30:00,573
203,2022-03-14 08:45:00,614
204,2022-03-14 09:00:00,495
205,2022-03-14 09:15:00,415
206,2022-03-14 09:30:00,394
207,2022-03-14 09:45:00,354
208,2022-03-14 10:00:00,349
209,2022-03-14 10:15:00,327
210,2022-03-14 10:30:00,338
211,2022-03-14 10:45:00,321
212,2022-03-14 11:00:00,296
213,2022-03-14 11:15:00,282
214,2022-03-14 11:30:00,298
215,2022-03-14 11:45:00,284
216,2022-03-14 12:00:00,321
217,2022-03-14 12:15:00,337
218,2022-03-14 12:30:00,311
219,2022-03-14 12:45:00,314
220,2022-03-14 13:00:00,364
221,2022-03-14 13:15:00,329
222,2022-03-14 13:30:00,326
223,2022-03-14 13:45:00,347
224,2022-03-14 14:00:00,322
225,2022-03-14 14:15:00,321
226,2022-03-14 14:30:00,305
227,2022-03-14 14:45:00,350
228,2022-03-14 15:00:00,348
229,2022-03-14 15:15:00,384
230,2022-03-14 15:30:00,345
231,2022-03-14 15:45:00,384
232,2022-03-14 16:00:00,405
233,2022-03-14 16:15:00,387
234,2022-03-14 16:30:00,349
235,2022-03-14 16:45:00,325
236,2022-03-14 17:00:00,378
237,2022-03-14 17:15:00,431
238,2022-03-14 17:30:00,438
239,2022-03-14 17:45:00,399
240,2022-03-14 18:00:00,402
241,2022-03-14 18:15:00,427
242,2022-03-14 18:30:00,322
243,2022-03-14 18:45:00,312
244,2022-03-14 19:00:00,303
245,2022-03-14 19:15:00,280
246,2022-03-14 19:30:00,281
247,2022-03-14 19:45:00,248
248,2022-03-14 20:00:00,212
249,2022-03-14 20:15:00,220
250,2022-03-14 20:30:00,201
251,2022-03-14 20:45:00,174
252,2022-03-14 21:00:00,167
253,2022-03-14 21:15:00,174
254,2022-03-14 21:30:00,159
255,2022-03-14 21:45:00,155
256,2022-03-14 22:00:00,125
257,2022-03-14 22:15:00,128
258,2022-03-14 22:30:00,110
259,2022-03-14 22:45:00,125
260,2022-03-14 23:00:00,78
261,2022-03-14 23:15:00,85
262,2022-03-14 23:30:00,78
263,2022-03-14 23:45:00,81
288,2022-03-15 06:00:00,25
289,2022-03-15 06:15:00,51
290,2022-03-15 06:30:00,75
291,2022-03-15 06:45:00,131
292,2022-03-15 07:00:00,247
293,2022-03-15 07:15:00,443
294,2022-03-15 07:30:00,527
295,2022-03-15 07:45:00,598
296,2022-03-15 08:00:00,594
297,2022-03-15 08:15:00,602
298,2022-03-15 08:30:00,604
299,2022-03-15 08:45:00,560
300,2022-03-15 09:00:00,561
301,2022-03-15 09:15:00,401
302,2022-03-15 09:30:00,411
303,2022-03-15 09:45:00,418
304,2022-03-15 10:00:00,323
305,2022-03-15 10:15:00,294
306,2022-03-15 10:30:00,308
307,2022-03-15 10:45:00,295
308,2022-03-15 11:00:00,325
309,2022-03-15 11:15:00,273
310,2022-03-15 11:30:00,301
311,2022-03-15 11:45:00,314
312,2022-03-15 12:00:00,378
313,2022-03-15 12:15:00,385
314,2022-03-15 12:30:00,341
315,2022-03-15 12:45:00,319
316,2022-03-15 13:00:00,367
317,2022-03-15 13:15:00,359
318,2022-03-15 13:30:00,349
319,2022-03-15 13:45:00,384
320,2022-03-15 14:00:00,339
321,2022-03-15 14:15:00,330
322,2022-03-15 14:30:00,317
323,2022-03-15 14:45:00,326
324,2022-03-15 15:00:00,350
325,2022-03-15 15:15:00,371
326,2022-03-15 15:30:00,348
327,2022-03-15 15:45:00,360
328,2022-03-15 16:00:00,375
329,2022-03-15 16:15:00,401
330,2022-03-15 16:30:00,335
331,2022-03-15 16:45:00,316
332,2022-03-15 17:00:00,347
333,2022-03-15 17:15:00,409
334,2022-03-15 17:30:00,401
335,2022-03-15 17:45:00,420
336,2022-03-15 18:00:00,438
337,2022-03-15 18:15:00,408
338,2022-03-15 18:30:00,438
339,2022-03-15 18:45:00,345
340,2022-03-15 19:00:00,370
341,2022-03-15 19:15:00,330
342,2022-03-15 19:30:00,273
343,2022-03-15 19:45:00,295
344,2022-03-15 20:00:00,246
345,2022-03-15 20:15:00,183
346,2022-03-15 20:30:00,192
347,2022-03-15 20:45:00,166
348,2022-03-15 21:00:00,155
349,2022-03-15 21:15:00,169
350,2022-03-15 21:30:00,156
351,2022-03-15 21:45:00,171
352,2022-03-15 22:00:00,158
353,2022-03-15 22:15:00,134
354,2022-03-15 22:30:00,119
355,2022-03-15 22:45:00,97
356,2022-03-15 23:00:00,80
357,2022-03-15 23:15:00,68
358,2022-03-15 23:30:00,68
359,2022-03-15 23:45:00,57
384,2022-03-16 06:00:00,36
385,2022-03-16 06:15:00,58
386,2022-03-16 06:30:00,75
387,2022-03-16 06:45:00,142
388,2022-03-16 07:00:00,258
389,2022-03-16 07:15:00,405
390,2022-03-16 07:30:00,580
391,2022-03-16 07:45:00,652
392,2022-03-16 08:00:00,615
393,2022-03-16 08:15:00,620
394,2022-03-16 08:30:00,608
395,2022-03-16 08:45:00,552
396,2022-03-16 09:00:00,510
397,2022-03-16 09:15:00,533
398,2022-03-16 09:30:00,431
399,2022-03-16 09:45:00,421
400,2022-03-16 10:00:00,399
401,2022-03-16 10:15:00,370
402,2022-03-16 10:30:00,363
403,2022-03-16 10:45:00,320
404,2022-03-16 11:00:00,279
405,2022-03-16 11:15:00,302
406,2022-03-16 11:30:00,346
407,2022-03-16 11:45:00,340
408,2022-03-16 12:00:00,353
409,2022-03-16 12:15:00,351
410,2022-03-16 12:30:00,353
411,2022-03-16 12:45:00,332
412,2022-03-16 13:00:00,347
416,2022-03-16 14:00:00,376
417,2022-03-16 14:15:00,342
418,2022-03-16 14:30:00,329
419,2022-03-16 14:45:00,326
420,2022-03-16 15:00:00,358
421,2022-03-16 15:15:00,398
422,2022-03-16 15:30:00,332
423,2022-03-16 15:45:00,333
424,2022-03-16 16:00:00,373
425,2022-03-16 16:15:00,431
426,2022-03-16 16:30:00,372
427,2022-03-16 16:45:00,384
428,2022-03-16 17:00:00,377
429,2022-03-16 17:15:00,423
430,2022-03-16 17:30:00,351
431,2022-03-16 17:45:00,359
432,2022-03-16 18:00:00,374
433,2022-03-16 18:15:00,397
434,2022-03-16 18:30:00,357
435,2022-03-16 18:45:00,378
436,2022-03-16 19:00:00,373
437,2022-03-16 19:15:00,323
438,2022-03-16 19:30:00,304
439,2022-03-16 19:45:00,264
440,2022-03-16 20:00:00,237
441,2022-03-16 20:15:00,254
442,2022-03-16 20:30:00,213
443,2022-03-16 20:45:00,204
444,2022-03-16 21:00:00,193
445,2022-03-16 21:15:00,202
446,2022-03-16 21:30:00,168
447,2022-03-16 21:45:00,175
448,2022-03-16 22:00:00,137
449,2022-03-16 22:15:00,149
450,2022-03-16 22:30:00,130
451,2022-03-16 22:45:00,105
452,2022-03-16 23:00:00,92
453,2022-03-16 23:15:00,124
454,2022-03-16 23:30:00,83
455,2022-03-16 23:45:00,88
480,2022-03-17 06:00:00,19
481,2022-03-17 06:15:00,57
482,2022-03-17 06:30:00,79
483,2022-03-17 06:45:00,136
484,2022-03-17 07:00:00,223
485,2022-03-17 07:15:00,412
486,2022-03-17 07:30:00,501
487,2022-03-17 07:45:00,599
488,2022-03-17 08:00:00,599
489,2022-03-17 08:15:00,654
490,2022-03-17 08:30:00,647
491,2022-03-17 08:45:00,585
492,2022-03-17 09:00:00,515
493,2022-03-17 09:15:00,505
494,2022-03-17 09:30:00,379
495,2022-03-17 09:45:00,400
496,2022-03-17 10:00:00,380
497,2022-03-17 10:15:00,339
498,2022-03-17 10:30:00,341
499,2022-03-17 10:45:00,295
500,2022-03-17 11:00:00,286
501,2022-03-17 11:15:00,300
502,2022-03-17 11:30:00,316
503,2022-03-17 11:45:00,324
504,2022-03-17 12:00:00,341
505,2022-03-17 12:15:00,345
506,2022-03-17 12:30:00,344
507,2022-03-17 12:45:00,377
508,2022-03-17 13:00:00,10
512,2022-03-17 14:00:00,344
513,2022-03-17 14:15:00,107
520,2022-03-17 16:00:00,357
521,2022-03-17 16:15:00,361
522,2022-03-17 16:30:00,362
523,2022-03-17 16:45:00,349
524,2022-03-17 17:00:00,396
525,2022-03-17 17:15:00,37
532,2022-03-17 19:00:00,76
536,2022-03-17 20:00:00,306
537,2022-03-17 20:15:00,269
538,2022-03-17 20:30:00,224
539,2022-03-17 20:45:00,184
540,2022-03-17 21:00:00,198
541,2022-03-17 21:15:00,194
542,2022-03-17 21:30:00,167
543,2022-03-17 21:45:00,157
544,2022-03-17 22:00:00,106
545,2022-03-17 22:15:00,72
546,2022-03-17 22:30:00,63
547,2022-03-17 22:45:00,51
576,2022-03-18 06:00:00,21
577,2022-03-18 06:15:00,42
578,2022-03-18 06:30:00,69
579,2022-03-18 06:45:00,102
580,2022-03-18 07:00:00,171
581,2022-03-18 07:15:00,286
582,2022-03-18 07:30:00,417
583,2022-03-18 07:45:00,482
584,2022-03-18 08:00:00,497
585,2022-03-18 08:15:00,493
586,2022-03-18 08:30:00,490
587,2022-03-18 08:45:00,484
588,2022-03-18 09:00:00,409
589,2022-03-18 09:15:00,438
590,2022-03-18 09:30:00,367
591,2022-03-18 09:45:00,409
592,2022-03-18 10:00:00,406
593,2022-03-18 10:15:00,356
594,2022-03-18 10:30:00,329
595,2022-03-18 10:45:00,325
596,2022-03-18 11:00:00,340
597,2022-03-18 11:15:00,304
598,2022-03-18 11:30:00,344
599,2022-03-18 11:45:00,323
600,2022-03-18 12:00:00,398
601,2022-03-18 12:15:00,376
602,2022-03-18 12:30:00,369
603,2022-03-18 12:45:00,380
604,2022-03-18 13:00:00,390
605,2022-03-18 13:15:00,366
606,2022-03-18 13:30:00,365
607,2022-03-18 13:45:00,342
608,2022-03-18 14:00:00,339
609,2022-03-18 14:15:00,364
610,2022-03-18 14:30:00,355
611,2022-03-18 14:45:00,347
612,2022-03-18 15:00:00,333
613,2022-03-18 15:15:00,392
614,2022-03-18 15:30:00,300
615,2022-03-18 15:45:00,339
616,2022-03-18 16:00:00,350
617,2022-03-18 16:15:00,357
618,2022-03-18 16:30:00,342
619,2022-03-18 16:45:00,352
620,2022-03-18 17:00:00,372
621,2022-03-18 17:15:00,456
622,2022-03-18 17:30:00,413
623,2022-03-18 17:45:00,467
624,2022-03-18 18:00:00,454
625,2022-03-18 18:15:00,430
626,2022-03-18 18:30:00,384
627,2022-03-18 18:45:00,351
628,2022-03-18 19:00:00,342
629,2022-03-18 19:15:00,356
630,2022-03-18 19:30:00,357
631,2022-03-18 19:45:00,254
632,2022-03-18 20:00:00,285
633,2022-03-18 20:15:00,292
634,2022-03-18 20:30:00,270
635,2022-03-18 20:45:00,233
636,2022-03-18 21:00:00,220
637,2022-03-18 21:15:00,221
638,2022-03-18 21:30:00,207
639,2022-03-18 21:45:00,190
640,2022-03-18 22:00:00,174
641,2022-03-18 22:15:00,220
642,2022-03-18 22:30:00,160
643,2022-03-18 22:45:00,164
644,2022-03-18 23:00:00,145
645,2022-03-18 23:15:00,118
646,2022-03-18 23:30:00,115
647,2022-03-18 23:45:00,95
1920,2022-04-01 06:00:00,29
1921,2022-04-01 06:15:00,53
1922,2022-04-01 06:30:00,90
1923,2022-04-01 06:45:00,165
1924,2022-04-01 07:00:00,275
1925,2022-04-01 07:15:00,429
1926,2022-04-01 07:30:00,570
1927,2022-04-01 07:45:00,645
1928,2022-04-01 08:00:00,580
1929,2022-04-01 08:15:00,601
1930,2022-04-01 08:30:00,569
1931,2022-04-01 08:45:00,604
1932,2022-04-01 09:00:00,525
1933,2022-04-01 09:15:00,545
1934,2022-04-01 09:30:00,495
1935,2022-04-01 09:45:00,480
1936,2022-04-01 10:00:00,476
1937,2022-04-01 10:15:00,400
1938,2022-04-01 10:30:00,367
1939,2022-04-01 10:45:00,361
1940,2022-04-01 11:00:00,352
1941,2022-04-01 11:15:00,375
1942,2022-04-01 11:30:00,357
1943,2022-04-01 11:45:00,355
1944,2022-04-01 12:00:00,434
1945,2022-04-01 12:15:00,410
1946,2022-04-01 12:30:00,421
1947,2022-04-01 12:45:00,453
1948,2022-04-01 13:00:00,446
1949,2022-04-01 13:15:00,375
1950,2022-04-01 13:30:00,402
1951,2022-04-01 13:45:00,413
1952,2022-04-01 14:00:00,414
1953,2022-04-01 14:15:00,389
1954,2022-04-01 14:30:00,366
1955,2022-04-01 14:45:00,371
1956,2022-04-01 15:00:00,403
1957,2022-04-01 15:15:00,381
1958,2022-04-01 15:30:00,318
1959,2022-04-01 15:45:00,404
1960,2022-04-01 16:00:00,399
1961,2022-04-01 16:15:00,419
1962,2022-04-01 16:30:00,355
1963,2022-04-01 16:45:00,383
1964,2022-04-01 17:00:00,412
1965,2022-04-01 17:15:00,431
1966,2022-04-01 17:30:00,429
1967,2022-04-01 17:45:00,507
1968,2022-04-01 18:00:00,411
1969,2022-04-01 18:15:00,422
1970,2022-04-01 18:30:00,368
1971,2022-04-01 18:45:00,399
1972,2022-04-01 19:00:00,426
1973,2022-04-01 19:15:00,411
1974,2022-04-01 19:30:00,412
1975,2022-04-01 19:45:00,400
1976,2022-04-01 20:00:00,336
1977,2022-04-01 20:15:00,325
1978,2022-04-01 20:30:00,333
1979,2022-04-01 20:45:00,291
1980,2022-04-01 21:00:00,288
1981,2022-04-01 21:15:00,236
1982,2022-04-01 21:30:00,248
1983,2022-04-01 21:45:00,244
1984,2022-04-01 22:00:00,238
1985,2022-04-01 22:15:00,265
1986,2022-04-01 22:30:00,214
1987,2022-04-01 22:45:00,161
1988,2022-04-01 23:00:00,156
1989,2022-04-01 23:15:00,150
1990,2022-04-01 23:30:00,137
1991,2022-04-01 23:45:00,118
2016,2022-04-02 06:00:00,20
2017,2022-04-02 06:15:00,38
2018,2022-04-02 06:30:00,60
2019,2022-04-02 06:45:00,75
2020,2022-04-02 07:00:00,72
2021,2022-04-02 07:15:00,82
2022,2022-04-02 07:30:00,147
2023,2022-04-02 07:45:00,150
2024,2022-04-02 08:00:00,189
2025,2022-04-02 08:15:00,201
2026,2022-04-02 08:30:00,187
2027,2022-04-02 08:45:00,233
2028,2022-04-02 09:00:00,221
2029,2022-04-02 09:15:00,211
2030,2022-04-02 09:30:00,249
2031,2022-04-02 09:45:00,282
2032,2022-04-02 10:00:00,297
2033,2022-04-02 10:15:00,232
2034,2022-04-02 10:30:00,285
2035,2022-04-02 10:45:00,253
2036,2022-04-02 11:00:00,308
2037,2022-04-02 11:15:00,318
2038,2022-04-02 11:30:00,361
2039,2022-04-02 11:45:00,348
2040,2022-04-02 12:00:00,387
2041,2022-04-02 12:15:00,361
2042,2022-04-02 12:30:00,348
2043,2022-04-02 12:45:00,336
2044,2022-04-02 13:00:00,396
2045,2022-04-02 13:15:00,423
2046,2022-04-02 13:30:00,407
2047,2022-04-02 13:45:00,361
2048,2022-04-02 14:00:00,368
2049,2022-04-02 14:15:00,348
2050,2022-04-02 14:30:00,318
2051,2022-04-02 14:45:00,365
2052,2022-04-02 15:00:00,361
2053,2022-04-02 15:15:00,344
2054,2022-04-02 15:30:00,361
2055,2022-04-02 15:45:00,325
2056,2022-04-02 16:00:00,317
2057,2022-04-02 16:15:00,305
2058,2022-04-02 16:30:00,297
2059,2022-04-02 16:45:00,290
2060,2022-04-02 17:00:00,266
2061,2022-04-02 17:15:00,271
2062,2022-04-02 17:30:00,292
2063,2022-04-02 17:45:00,260
2064,2022-04-02 18:00:00,261
2065,2022-04-02 18:15:00,288
2066,2022-04-02 18:30:00,272
2067,2022-04-02 18:45:00,310
2068,2022-04-02 19:00:00,326
2069,2022-04-02 19:15:00,292
2070,2022-04-02 19:30:00,287
2071,2022-04-02 19:45:00,200
2072,2022-04-02 20:00:00,249
2073,2022-04-02 20:15:00,225
2074,2022-04-02 20:30:00,221
2075,2022-04-02 20:45:00,199
2076,2022-04-02 21:00:00,190
2077,2022-04-02 21:15:00,176
2078,2022-04-02 21:30:00,228
2079,2022-04-02 21:45:00,187
2080,2022-04-02 22:00:00,201
2081,2022-04-02 22:15:00,199
2082,2022-04-02 22:30:00,161
2083,2022-04-02 22:45:00,157
2084,2022-04-02 23:00:00,143
2085,2022-04-02 23:15:00,109
2086,2022-04-02 23:30:00,113
2087,2022-04-02 23:45:00,117
2112,2022-04-03 06:00:00,22
2113,2022-04-03 06:15:00,32
2114,2022-04-03 06:30:00,47
2115,2022-04-03 06:45:00,32
2116,2022-04-03 07:00:00,25
2117,2022-04-03 07:15:00,52
2118,2022-04-03 07:30:00,52
2119,2022-04-03 07:45:00,51
2120,2022-04-03 08:00:00,68
2121,2022-04-03 08:15:00,76
2122,2022-04-03 08:30:00,92
2123,2022-04-03 08:45:00,86
2124,2022-04-03 09:00:00,104
2125,2022-04-03 09:15:00,119
2126,2022-04-03 09:30:00,126
2127,2022-04-03 09:45:00,163
2128,2022-04-03 10:00:00,134
2129,2022-04-03 10:15:00,130
2130,2022-04-03 10:30:00,149
2131,2022-04-03 10:45:00,153
2132,2022-04-03 11:00:00,150
2133,2022-04-03 11:15:00,133
2134,2022-04-03 11:30:00,163
2135,2022-04-03 11:45:00,187
2136,2022-04-03 12:00:00,204
2137,2022-04-03 12:15:00,217
2138,2022-04-03 12:30:00,226
2139,2022-04-03 12:45:00,240
2140,2022-04-03 13:00:00,207
2141,2022-04-03 13:15:00,233
2142,2022-04-03 13:30:00,258
2143,2022-04-03 13:45:00,233
2144,2022-04-03 14:00:00,203
2145,2022-04-03 14:15:00,242
2146,2022-04-03 14:30:00,227
2147,2022-04-03 14:45:00,209
2148,2022-04-03 15:00:00,227
2149,2022-04-03 15:15:00,204
2150,2022-04-03 15:30:00,209
2151,2022-04-03 15:45:00,224
2152,2022-04-03 16:00:00,240
2153,2022-04-03 16:15:00,219
2154,2022-04-03 16:30:00,206
2155,2022-04-03 16:45:00,216
2156,2022-04-03 17:00:00,184
2157,2022-04-03 17:15:00,212
2158,2022-04-03 17:30:00,230
2159,2022-04-03 17:45:00,229
2160,2022-04-03 18:00:00,225
2161,2022-04-03 18:15:00,239
2162,2022-04-03 18:30:00,245
2163,2022-04-03 18:45:00,219
2164,2022-04-03 19:00:00,212
2165,2022-04-03 19:15:00,214
2166,2022-04-03 19:30:00,181
2167,2022-04-03 19:45:00,148
2168,2022-04-03 20:00:00,167
2169,2022-04-03 20:15:00,144
2170,2022-04-03 20:30:00,169
2171,2022-04-03 20:45:00,181
2172,2022-04-03 21:00:00,168
2173,2022-04-03 21:15:00,166
2174,2022-04-03 21:30:00,187
2175,2022-04-03 21:45:00,154
2176,2022-04-03 22:00:00,156
2177,2022-04-03 22:15:00,161
2178,2022-04-03 22:30:00,131
2179,2022-04-03 22:45:00,114
2180,2022-04-03 23:00:00,90
2181,2022-04-03 23:15:00,87
2182,2022-04-03 23:30:00,84
2183,2022-04-03 23:45:00,63
2208,2022-04-04 06:00:00,37
2209,2022-04-04 06:15:00,60
2210,2022-04-04 06:30:00,95
2211,2022-04-04 06:45:00,146
2212,2022-04-04 07:00:00,329
2213,2022-04-04 07:15:00,473
2214,2022-04-04 07:30:00,680
2215,2022-04-04 07:45:00,732
2216,2022-04-04 08:00:00,661
2217,2022-04-04 08:15:00,661
2218,2022-04-04 08:30:00,709
2219,2022-04-04 08:45:00,696
2220,2022-04-04 09:00:00,580
2221,2022-04-04 09:15:00,565
2222,2022-04-04 09:30:00,555
2223,2022-04-04 09:45:00,432
2224,2022-04-04 10:00:00,419
2225,2022-04-04 10:15:00,312
2226,2022-04-04 10:30:00,318
2227,2022-04-04 10:45:00,344
2228,2022-04-04 11:00:00,339
2229,2022-04-04 11:15:00,275
2230,2022-04-04 11:30:00,302
2231,2022-04-04 11:45:00,312
2232,2022-04-04 12:00:00,333
2233,2022-04-04 12:15:00,378
2234,2022-04-04 12:30:00,351
2235,2022-04-04 12:45:00,369
2236,2022-04-04 13:00:00,354
2237,2022-04-04 13:15:00,338
2238,2022-04-04 13:30:00,363
2239,2022-04-04 13:45:00,363
2240,2022-04-04 14:00:00,380
2241,2022-04-04 14:15:00,325
2242,2022-04-04 14:30:00,349
2243,2022-04-04 14:45:00,366
2244,2022-04-04 15:00:00,375
2245,2022-04-04 15:15:00,367
2246,2022-04-04 15:30:00,352
2247,2022-04-04 15:45:00,428
2248,2022-04-04 16:00:00,546
2249,2022-04-04 16:15:00,627
2250,2022-04-04 16:30:00,499
2251,2022-04-04 16:45:00,607
2252,2022-04-04 17:00:00,530
2253,2022-04-04 17:15:00,443
2254,2022-04-04 17:30:00,799
2255,2022-04-04 17:45:00,652
2256,2022-04-04 18:00:00,492
2257,2022-04-04 18:15:00,627
2258,2022-04-04 18:30:00,426
2259,2022-04-04 18:45:00,277
2260,2022-04-04 19:00:00,394
2261,2022-04-04 19:15:00,290
2262,2022-04-04 19:30:00,234
2263,2022-04-04 19:45:00,333
2264,2022-04-04 20:00:00,261
2265,2022-04-04 20:15:00,168
2266,2022-04-04 20:30:00,288
2267,2022-04-04 20:45:00,239
2268,2022-04-04 21:00:00,158
2269,2022-04-04 21:15:00,200
2270,2022-04-04 21:30:00,139
2271,2022-04-04 21:45:00,91
2272,2022-04-04 22:00:00,76
2273,2022-04-04 22:15:00,25
2304,2022-04-05 06:00:00,62
2305,2022-04-05 06:15:00,68
2306,2022-04-05 06:30:00,103
2307,2022-04-05 06:45:00,164
2308,2022-04-05 07:00:00,301
2309,2022-04-05 07:15:00,433
2310,2022-04-05 07:30:00,634
2311,2022-04-05 07:45:00,746
2312,2022-04-05 08:00:00,688
2313,2022-04-05 08:15:00,683
2314,2022-04-05 08:30:00,713
2315,2022-04-05 08:45:00,714
2316,2022-04-05 09:00:00,636
2317,2022-04-05 09:15:00,624
2318,2022-04-05 09:30:00,502
2319,2022-04-05 09:45:00,425
2320,2022-04-05 10:00:00,389
2321,2022-04-05 10:15:00,364
2322,2022-04-05 10:30:00,330
2323,2022-04-05 10:45:00,341
2324,2022-04-05 11:00:00,330
2325,2022-04-05 11:15:00,306
2326,2022-04-05 11:30:00,342
2327,2022-04-05 11:45:00,371
2328,2022-04-05 12:00:00,379
2329,2022-04-05 12:15:00,364
2330,2022-04-05 12:30:00,400
2331,2022-04-05 12:45:00,433
2332,2022-04-05 13:00:00,400
2333,2022-04-05 13:15:00,414
2334,2022-04-05 13:30:00,374
2335,2022-04-05 13:45:00,386
2336,2022-04-05 14:00:00,407
2337,2022-04-05 14:15:00,349
2338,2022-04-05 14:30:00,329
2339,2022-04-05 14:45:00,362
2340,2022-04-05 15:00:00,320
2341,2022-04-05 15:15:00,389
2342,2022-04-05 15:30:00,407
2343,2022-04-05 15:45:00,416
2344,2022-04-05 16:00:00,421
2345,2022-04-05 16:15:00,490
2346,2022-04-05 16:30:00,445
2347,2022-04-05 16:45:00,385
2348,2022-04-05 17:00:00,464
2349,2022-04-05 17:15:00,490
2350,2022-04-05 17:30:00,465
2351,2022-04-05 17:45:00,401
2356,2022-04-05 19:00:00,371
2357,2022-04-05 19:15:00,366
2358,2022-04-05 19:30:00,318
2359,2022-04-05 19:45:00,242
2360,2022-04-05 20:00:00,251
2361,2022-04-05 20:15:00,244
2362,2022-04-05 20:30:00,235
2363,2022-04-05 20:45:00,216
2364,2022-04-05 21:00:00,175
2365,2022-04-05 21:15:00,182
2366,2022-04-05 21:30:00,180
2367,2022-04-05 21:45:00,170
2368,2022-04-05 22:00:00,162
2369,2022-04-05 22:15:00,185
2370,2022-04-05 22:30:00,128
2371,2022-04-05 22:45:00,105
2372,2022-04-05 23:00:00,92
2373,2022-04-05 23:15:00,106
2374,2022-04-05 23:30:00,106
2375,2022-04-05 23:45:00,78
2400,2022-04-06 06:00:00,29
2401,2022-04-06 06:15:00,60
2402,2022-04-06 06:30:00,120
2403,2022-04-06 06:45:00,174
2404,2022-04-06 07:00:00,349
2405,2022-04-06 07:15:00,505
2406,2022-04-06 07:30:00,632
2407,2022-04-06 07:45:00,667
2408,2022-04-06 08:00:00,685
2409,2022-04-06 08:15:00,674
2410,2022-04-06 08:30:00,661
2411,2022-04-06 08:45:00,659
2412,2022-04-06 09:00:00,639
2413,2022-04-06 09:15:00,622
2414,2022-04-06 09:30:00,622
2415,2022-04-06 09:45:00,565
2416,2022-04-06 10:00:00,458
2417,2022-04-06 10:15:00,384
2418,2022-04-06 10:30:00,383
2419,2022-04-06 10:45:00,340
2420,2022-04-06 11:00:00,339
2421,2022-04-06 11:15:00,282
2422,2022-04-06 11:30:00,354
2423,2022-04-06 11:45:00,411
2424,2022-04-06 12:00:00,415
2425,2022-04-06 12:15:00,415
2426,2022-04-06 12:30:00,422
2427,2022-04-06 12:45:00,431
2428,2022-04-06 13:00:00,435
2429,2022-04-06 13:15:00,404
2430,2022-04-06 13:30:00,422
2431,2022-04-06 13:45:00,408
2432,2022-04-06 14:00:00,310
2433,2022-04-06 14:15:00,397
2434,2022-04-06 14:30:00,387
2435,2022-04-06 14:45:00,368
2436,2022-04-06 15:00:00,382
2437,2022-04-06 15:15:00,364
2438,2022-04-06 15:30:00,437
2439,2022-04-06 15:45:00,339
2440,2022-04-06 16:00:00,447
2441,2022-04-06 16:15:00,495
2442,2022-04-06 16:30:00,454
2443,2022-04-06 16:45:00,299
2444,2022-04-06 17:00:00,477
2445,2022-04-06 17:15:00,466
2446,2022-04-06 17:30:00,414
2447,2022-04-06 17:45:00,424
2448,2022-04-06 18:00:00,418
2449,2022-04-06 18:15:00,377
2450,2022-04-06 18:30:00,425
2451,2022-04-06 18:45:00,467
2452,2022-04-06 19:00:00,421
2453,2022-04-06 19:15:00,428
2454,2022-04-06 19:30:00,349
2455,2022-04-06 19:45:00,256
2456,2022-04-06 20:00:00,268
2457,2022-04-06 20:15:00,277
2458,2022-04-06 20:30:00,266
2459,2022-04-06 20:45:00,224
2460,2022-04-06 21:00:00,214
2461,2022-04-06 21:15:00,215
2462,2022-04-06 21:30:00,206
2463,2022-04-06 21:45:00,200
2464,2022-04-06 22:00:00,216
2465,2022-04-06 22:15:00,201
2466,2022-04-06 22:30:00,156
2467,2022-04-06 22:45:00,149
2468,2022-04-06 23:00:00,99
2469,2022-04-06 23:15:00,117
2470,2022-04-06 23:30:00,115
2471,2022-04-06 23:45:00,85
2496,2022-04-07 06:00:00,24
2497,2022-04-07 06:15:00,59
2498,2022-04-07 06:30:00,127
2499,2022-04-07 06:45:00,169
2500,2022-04-07 07:00:00,319
2501,2022-04-07 07:15:00,509
2502,2022-04-07 07:30:00,675
2503,2022-04-07 07:45:00,700
2504,2022-04-07 08:00:00,744
2505,2022-04-07 08:15:00,649
2506,2022-04-07 08:30:00,686
2507,2022-04-07 08:45:00,651
2508,2022-04-07 09:00:00,636
2509,2022-04-07 09:15:00,527
2510,2022-04-07 09:30:00,511
2511,2022-04-07 09:45:00,554
2512,2022-04-07 10:00:00,431
2513,2022-04-07 10:15:00,392
2514,2022-04-07 10:30:00,341
2515,2022-04-07 10:45:00,356
2516,2022-04-07 11:00:00,311
2517,2022-04-07 11:15:00,309
2518,2022-04-07 11:30:00,351
2519,2022-04-07 11:45:00,344
2520,2022-04-07 12:00:00,412
2521,2022-04-07 12:15:00,406
2522,2022-04-07 12:30:00,375
2523,2022-04-07 12:45:00,388
2524,2022-04-07 13:00:00,386
2525,2022-04-07 13:15:00,399
2526,2022-04-07 13:30:00,400
2527,2022-04-07 13:45:00,386
2528,2022-04-07 14:00:00,395
2529,2022-04-07 14:15:00,343
2530,2022-04-07 14:30:00,332
2531,2022-04-07 14:45:00,409
2532,2022-04-07 15:00:00,432
2533,2022-04-07 15:15:00,447
2534,2022-04-07 15:30:00,400
2535,2022-04-07 15:45:00,472
2536,2022-04-07 16:00:00,479
2537,2022-04-07 16:15:00,498
2538,2022-04-07 16:30:00,411
2539,2022-04-07 16:45:00,460
2540,2022-04-07 17:00:00,499
2541,2022-04-07 17:15:00,418
2542,2022-04-07 17:30:00,424
2543,2022-04-07 17:45:00,463
2544,2022-04-07 18:00:00,436
2545,2022-04-07 18:15:00,452
2546,2022-04-07 18:30:00,460
2547,2022-04-07 18:45:00,415
2548,2022-04-07 19:00:00,362
2549,2022-04-07 19:15:00,351
2550,2022-04-07 19:30:00,291
2551,2022-04-07 19:45:00,249
2552,2022-04-07 20:00:00,268
2553,2022-04-07 20:15:00,231
2554,2022-04-07 20:30:00,221
2555,2022-04-07 20:45:00,223
2556,2022-04-07 21:00:00,195
2557,2022-04-07 21:15:00,218
2558,2022-04-07 21:30:00,203
2559,2022-04-07 21:45:00,200
2560,2022-04-07 22:00:00,170
2561,2022-04-07 22:15:00,185
2562,2022-04-07 22:30:00,171
2563,2022-04-07 22:45:00,140
2564,2022-04-07 23:00:00,113
2565,2022-04-07 23:15:00,113
2566,2022-04-07 23:30:00,95
2567,2022-04-07 23:45:00,84
7776,2022-06-01 06:00:00,24
7777,2022-06-01 06:15:00,69
7778,2022-06-01 06:30:00,159
7779,2022-06-01 06:45:00,340
7780,2022-06-01 07:00:00,503
7781,2022-06-01 07:15:00,671
7782,2022-06-01 07:30:00,647
7783,2022-06-01 07:45:00,653
7784,2022-06-01 08:00:00,631
7785,2022-06-01 08:15:00,610
7786,2022-06-01 08:30:00,591
7787,2022-06-01 08:45:00,634
7788,2022-06-01 09:00:00,632
7789,2022-06-01 09:15:00,596
7790,2022-06-01 09:30:00,558
7791,2022-06-01 09:45:00,537
7792,2022-06-01 10:00:00,489
7793,2022-06-01 10:15:00,436
7794,2022-06-01 10:30:00,419
7795,2022-06-01 10:45:00,443
7796,2022-06-01 11:00:00,395
7797,2022-06-01 11:15:00,396
7798,2022-06-01 11:30:00,365
7799,2022-06-01 11:45:00,371
7800,2022-06-01 12:00:00,379
7801,2022-06-01 12:15:00,414
7802,2022-06-01 12:30:00,393
7803,2022-06-01 12:45:00,393
7804,2022-06-01 13:00:00,388
7805,2022-06-01 13:15:00,382
7806,2022-06-01 13:30:00,364
7807,2022-06-01 13:45:00,376
7808,2022-06-01 14:00:00,364
7809,2022-06-01 14:15:00,359
7810,2022-06-01 14:30:00,326
7811,2022-06-01 14:45:00,388
7812,2022-06-01 15:00:00,403
7813,2022-06-01 15:15:00,357
7814,2022-06-01 15:30:00,370
7815,2022-06-01 15:45:00,375
7816,2022-06-01 16:00:00,398
7817,2022-06-01 16:15:00,407
7818,2022-06-01 16:30:00,427
7819,2022-06-01 16:45:00,344
7820,2022-06-01 17:00:00,422
7821,2022-06-01 17:15:00,444
7822,2022-06-01 17:30:00,447
7823,2022-06-01 17:45:00,397
7824,2022-06-01 18:00:00,369
7825,2022-06-01 18:15:00,412
7826,2022-06-01 18:30:00,409
7827,2022-06-01 18:45:00,415
7828,2022-06-01 19:00:00,370
7829,2022-06-01 19:15:00,406
7830,2022-06-01 19:30:00,362
7831,2022-06-01 19:45:00,323
7832,2022-06-01 20:00:00,326
7833,2022-06-01 20:15:00,315
7834,2022-06-01 20:30:00,311
7835,2022-06-01 20:45:00,283
7836,2022-06-01 21:00:00,242
7837,2022-06-01 21:15:00,234
7838,2022-06-01 21:30:00,219
7839,2022-06-01 21:45:00,270
7840,2022-06-01 22:00:00,246
7841,2022-06-01 22:15:00,202
7842,2022-06-01 22:30:00,205
7843,2022-06-01 22:45:00,127
7844,2022-06-01 23:00:00,128
7845,2022-06-01 23:15:00,118
7846,2022-06-01 23:30:00,134
7847,2022-06-01 23:45:00,102
7872,2022-06-02 06:00:00,504
7873,2022-06-02 06:15:00,598
7874,2022-06-02 06:30:00,652
7875,2022-06-02 06:45:00,631
7876,2022-06-02 07:00:00,620
7877,2022-06-02 07:15:00,636
7878,2022-06-02 07:30:00,627
7879,2022-06-02 07:45:00,673
7880,2022-06-02 08:00:00,582
7881,2022-06-02 08:15:00,548
7882,2022-06-02 08:30:00,575
7883,2022-06-02 08:45:00,548
7884,2022-06-02 09:00:00,447
7885,2022-06-02 09:15:00,442
7886,2022-06-02 09:30:00,372
7887,2022-06-02 09:45:00,380
7888,2022-06-02 10:00:00,367
7889,2022-06-02 10:15:00,327
7890,2022-06-02 10:30:00,386
7891,2022-06-02 10:45:00,370
7892,2022-06-02 11:00:00,360
7893,2022-06-02 11:15:00,388
7894,2022-06-02 11:30:00,428
7895,2022-06-02 11:45:00,397
7896,2022-06-02 12:00:00,406
7897,2022-06-02 12:15:00,417
7898,2022-06-02 12:30:00,355
7899,2022-06-02 12:45:00,392
7900,2022-06-02 13:00:00,380
7901,2022-06-02 13:15:00,382
7902,2022-06-02 13:30:00,383
7903,2022-06-02 13:45:00,395
7904,2022-06-02 14:00:00,379
7905,2022-06-02 14:15:00,374
7906,2022-06-02 14:30:00,359
7907,2022-06-02 14:45:00,380
7908,2022-06-02 15:00:00,364
7909,2022-06-02 15:15:00,359
7910,2022-06-02 15:30:00,371
7911,2022-06-02 15:45:00,400
7912,2022-06-02 16:00:00,462
7913,2022-06-02 16:15:00,429
7914,2022-06-02 16:30:00,400
7915,2022-06-02 16:45:00,435
7916,2022-06-02 17:00:00,375
7917,2022-06-02 17:15:00,399
7918,2022-06-02 17:30:00,432
7919,2022-06-02 17:45:00,405
7920,2022-06-02 18:00:00,377
7921,2022-06-02 18:15:00,367
7922,2022-06-02 18:30:00,436
7923,2022-06-02 18:45:00,360
7924,2022-06-02 19:00:00,353
7925,2022-06-02 19:15:00,334
7926,2022-06-02 19:30:00,271
7927,2022-06-02 19:45:00,270
7928,2022-06-02 20:00:00,275
7929,2022-06-02 20:15:00,263
7930,2022-06-02 20:30:00,230
7931,2022-06-02 20:45:00,199
7932,2022-06-02 21:00:00,211
7933,2022-06-02 21:15:00,219
7934,2022-06-02 21:30:00,184
7935,2022-06-02 21:45:00,162
7936,2022-06-02 22:00:00,111
7937,2022-06-02 22:15:00,129
7938,2022-06-02 22:30:00,112
7939,2022-06-02 22:45:00,115
7968,2022-06-03 06:00:00,26
7969,2022-06-03 06:15:00,65
7970,2022-06-03 06:30:00,139
7971,2022-06-03 06:45:00,316
7972,2022-06-03 07:00:00,496
7973,2022-06-03 07:15:00,605
7974,2022-06-03 07:30:00,639
7975,2022-06-03 07:45:00,565
7976,2022-06-03 08:00:00,573
7977,2022-06-03 08:15:00,630
7978,2022-06-03 08:30:00,570
7979,2022-06-03 08:45:00,635
7980,2022-06-03 09:00:00,560
7981,2022-06-03 09:15:00,509
7982,2022-06-03 09:30:00,423
7983,2022-06-03 09:45:00,404
7984,2022-06-03 10:00:00,399
7985,2022-06-03 10:15:00,367
7986,2022-06-03 10:30:00,373
7987,2022-06-03 10:45:00,348
7988,2022-06-03 11:00:00,329
7989,2022-06-03 11:15:00,364
7990,2022-06-03 11:30:00,358
7991,2022-06-03 11:45:00,348
7992,2022-06-03 12:00:00,386
7993,2022-06-03 12:15:00,448
7994,2022-06-03 12:30:00,430
7995,2022-06-03 12:45:00,442
7996,2022-06-03 13:00:00,437
7997,2022-06-03 13:15:00,432
7998,2022-06-03 13:30:00,391
7999,2022-06-03 13:45:00,373
8000,2022-06-03 14:00:00,372
8001,2022-06-03 14:15:00,391
8002,2022-06-03 14:30:00,375
8003,2022-06-03 14:45:00,352
8004,2022-06-03 15:00:00,369
8005,2022-06-03 15:15:00,332
8006,2022-06-03 15:30:00,356
8007,2022-06-03 15:45:00,242
8008,2022-06-03 16:00:00,363
8009,2022-06-03 16:15:00,353
8010,2022-06-03 16:30:00,387
8011,2022-06-03 16:45:00,418
8012,2022-06-03 17:00:00,370
8013,2022-06-03 17:15:00,412
8014,2022-06-03 17:30:00,416
8015,2022-06-03 17:45:00,361
8016,2022-06-03 18:00:00,350
8017,2022-06-03 18:15:00,423
8018,2022-06-03 18:30:00,424
8019,2022-06-03 18:45:00,362
8020,2022-06-03 19:00:00,394
8021,2022-06-03 19:15:00,419
8022,2022-06-03 19:30:00,324
8023,2022-06-03 19:45:00,327
8024,2022-06-03 20:00:00,309
8025,2022-06-03 20:15:00,314
8026,2022-06-03 20:30:00,286
8027,2022-06-03 20:45:00,292
8028,2022-06-03 21:00:00,265
8029,2022-06-03 21:15:00,253
8030,2022-06-03 21:30:00,258
8031,2022-06-03 21:45:00,254
8032,2022-06-03 22:00:00,253
8033,2022-06-03 22:15:00,270
8034,2022-06-03 22:30:00,232
8035,2022-06-03 22:45:00,207
8036,2022-06-03 23:00:00,330
8037,2022-06-03 23:15:00,145
8038,2022-06-03 23:30:00,149
8039,2022-06-03 23:45:00,95
8064,2022-06-04 06:00:00,35
8065,2022-06-04 06:15:00,55
8066,2022-06-04 06:30:00,70
8067,2022-06-04 06:45:00,112
8068,2022-06-04 07:00:00,93
8069,2022-06-04 07:15:00,121
8070,2022-06-04 07:30:00,137
8071,2022-06-04 07:45:00,191
8072,2022-06-04 08:00:00,200
8073,2022-06-04 08:15:00,226
8074,2022-06-04 08:30:00,221
8075,2022-06-04 08:45:00,252
8076,2022-06-04 09:00:00,217
8077,2022-06-04 09:15:00,241
8078,2022-06-04 09:30:00,266
8079,2022-06-04 09:45:00,303
8080,2022-06-04 10:00:00,370
8081,2022-06-04 10:15:00,327
8082,2022-06-04 10:30:00,306
8083,2022-06-04 10:45:00,327
8084,2022-06-04 11:00:00,373
8085,2022-06-04 11:15:00,331
8086,2022-06-04 11:30:00,373
8087,2022-06-04 11:45:00,338
8088,2022-06-04 12:00:00,377
8089,2022-06-04 12:15:00,414
8090,2022-06-04 12:30:00,399
8091,2022-06-04 12:45:00,391
8092,2022-06-04 13:00:00,396
8093,2022-06-04 13:15:00,395
8094,2022-06-04 13:30:00,416
8095,2022-06-04 13:45:00,412
8096,2022-06-04 14:00:00,347
8097,2022-06-04 14:15:00,366
8098,2022-06-04 14:30:00,366
8099,2022-06-04 14:45:00,326
8100,2022-06-04 15:00:00,364
8101,2022-06-04 15:15:00,363
8102,2022-06-04 15:30:00,304
8103,2022-06-04 15:45:00,312
8104,2022-06-04 16:00:00,268
8105,2022-06-04 16:15:00,331
8106,2022-06-04 16:30:00,310
8107,2022-06-04 16:45:00,311
8108,2022-06-04 17:00:00,324
8109,2022-06-04 17:15:00,333
8110,2022-06-04 17:30:00,330
8111,2022-06-04 17:45:00,305
8112,2022-06-04 18:00:00,375
8113,2022-06-04 18:15:00,305
8114,2022-06-04 18:30:00,330
8115,2022-06-04 18:45:00,314
8116,2022-06-04 19:00:00,319
8117,2022-06-04 19:15:00,287
8118,2022-06-04 19:30:00,258
8119,2022-06-04 19:45:00,284
8120,2022-06-04 20:00:00,243
8121,2022-06-04 20:15:00,260
8122,2022-06-04 20:30:00,231
8123,2022-06-04 20:45:00,204
8124,2022-06-04 21:00:00,216
8125,2022-06-04 21:15:00,199
8126,2022-06-04 21:30:00,206
8127,2022-06-04 21:45:00,201
8128,2022-06-04 22:00:00,200
8129,2022-06-04 22:15:00,241
8130,2022-06-04 22:30:00,178
8131,2022-06-04 22:45:00,141
8132,2022-06-04 23:00:00,136
8133,2022-06-04 23:15:00,154
8134,2022-06-04 23:30:00,98
8135,2022-06-04 23:45:00,119
8160,2022-06-05 06:00:00,26
8161,2022-06-05 06:15:00,31
8162,2022-06-05 06:30:00,58
8163,2022-06-05 06:45:00,52
8164,2022-06-05 07:00:00,47
8165,2022-06-05 07:15:00,49
8166,2022-06-05 07:30:00,61
8167,2022-06-05 07:45:00,61
8168,2022-06-05 08:00:00,83
8169,2022-06-05 08:15:00,101
8170,2022-06-05 08:30:00,99
8171,2022-06-05 08:45:00,146
8172,2022-06-05 09:00:00,129
8173,2022-06-05 09:15:00,133
8174,2022-06-05 09:30:00,154
8175,2022-06-05 09:45:00,203
8176,2022-06-05 10:00:00,210
8177,2022-06-05 10:15:00,194
8178,2022-06-05 10:30:00,204
8179,2022-06-05 10:45:00,237
8180,2022-06-05 11:00:00,237
8181,2022-06-05 11:15:00,219
8182,2022-06-05 11:30:00,337
8183,2022-06-05 11:45:00,437
8184,2022-06-05 12:00:00,598
8185,2022-06-05 12:15:00,602
8186,2022-06-05 12:30:00,837
8187,2022-06-05 12:45:00,500
8188,2022-06-05 13:00:00,549
8189,2022-06-05 13:15:00,607
8190,2022-06-05 13:30:00,514
8191,2022-06-05 13:45:00,386
8192,2022-06-05 14:00:00,286
8193,2022-06-05 14:15:00,284
8194,2022-06-05 14:30:00,243
8195,2022-06-05 14:45:00,237
8196,2022-06-05 15:00:00,271
8197,2022-06-05 15:15:00,238
8198,2022-06-05 15:30:00,288
8199,2022-06-05 15:45:00,285
8200,2022-06-05 16:00:00,254
8201,2022-06-05 16:15:00,230
8202,2022-06-05 16:30:00,226
8203,2022-06-05 16:45:00,247
8204,2022-06-05 17:00:00,224
8205,2022-06-05 17:15:00,233
8206,2022-06-05 17:30:00,271
8207,2022-06-05 17:45:00,244
8208,2022-06-05 18:00:00,282
8209,2022-06-05 18:15:00,260
8210,2022-06-05 18:30:00,268
8211,2022-06-05 18:45:00,273
8212,2022-06-05 19:00:00,279
8213,2022-06-05 19:15:00,247
8214,2022-06-05 19:30:00,252
8215,2022-06-05 19:45:00,213
8216,2022-06-05 20:00:00,232
8217,2022-06-05 20:15:00,232
8218,2022-06-05 20:30:00,199
8219,2022-06-05 20:45:00,202
8220,2022-06-05 21:00:00,202
8221,2022-06-05 21:15:00,197
8222,2022-06-05 21:30:00,193
8223,2022-06-05 21:45:00,181
8224,2022-06-05 22:00:00,193
8225,2022-06-05 22:15:00,194
8226,2022-06-05 22:30:00,177
8227,2022-06-05 22:45:00,119
8228,2022-06-05 23:00:00,138
8229,2022-06-05 23:15:00,123
8230,2022-06-05 23:30:00,126
8231,2022-06-05 23:45:00,93
8256,2022-06-06 06:00:00,19
8257,2022-06-06 06:15:00,36
8258,2022-06-06 06:30:00,53
8259,2022-06-06 06:45:00,45
8260,2022-06-06 07:00:00,48
8261,2022-06-06 07:15:00,60
8262,2022-06-06 07:30:00,70
8263,2022-06-06 07:45:00,74
8264,2022-06-06 08:00:00,68
8265,2022-06-06 08:15:00,78
8266,2022-06-06 08:30:00,112
8267,2022-06-06 08:45:00,101
8268,2022-06-06 09:00:00,104
8269,2022-06-06 09:15:00,129
8270,2022-06-06 09:30:00,97
8271,2022-06-06 09:45:00,155
8272,2022-06-06 10:00:00,167
8273,2022-06-06 10:15:00,176
8274,2022-06-06 10:30:00,182
8275,2022-06-06 10:45:00,195
8276,2022-06-06 11:00:00,216
8277,2022-06-06 11:15:00,244
8278,2022-06-06 11:30:00,236
8279,2022-06-06 11:45:00,284
8280,2022-06-06 12:00:00,257
8281,2022-06-06 12:15:00,277
8282,2022-06-06 12:30:00,314
8283,2022-06-06 12:45:00,260
8284,2022-06-06 13:00:00,277
8285,2022-06-06 13:15:00,279
8286,2022-06-06 13:30:00,283
8287,2022-06-06 13:45:00,263
8288,2022-06-06 14:00:00,273
8289,2022-06-06 14:15:00,281
8290,2022-06-06 14:30:00,244
8291,2022-06-06 14:45:00,292
8292,2022-06-06 15:00:00,292
8293,2022-06-06 15:15:00,274
8294,2022-06-06 15:30:00,252
8295,2022-06-06 15:45:00,264
8296,2022-06-06 16:00:00,263
8297,2022-06-06 16:15:00,237
8298,2022-06-06 16:30:00,225
8299,2022-06-06 16:45:00,244
8300,2022-06-06 17:00:00,218
8301,2022-06-06 17:15:00,215
8302,2022-06-06 17:30:00,250
8303,2022-06-06 17:45:00,258
8304,2022-06-06 18:00:00,253
8305,2022-06-06 18:15:00,252
8306,2022-06-06 18:30:00,242
8307,2022-06-06 18:45:00,259
8308,2022-06-06 19:00:00,237
8309,2022-06-06 19:15:00,225
8310,2022-06-06 19:30:00,212
8311,2022-06-06 19:45:00,200
8312,2022-06-06 20:00:00,221
8313,2022-06-06 20:15:00,197
8314,2022-06-06 20:30:00,192
8315,2022-06-06 20:45:00,198
8316,2022-06-06 21:00:00,177
8317,2022-06-06 21:15:00,186
8318,2022-06-06 21:30:00,197
8319,2022-06-06 21:45:00,158
8320,2022-06-06 22:00:00,195
8321,2022-06-06 22:15:00,198
8322,2022-06-06 22:30:00,147
8323,2022-06-06 22:45:00,148
8324,2022-06-06 23:00:00,128
8325,2022-06-06 23:15:00,100
8326,2022-06-06 23:30:00,117
8327,2022-06-06 23:45:00,80
8352,2022-06-07 06:00:00,33
8353,2022-06-07 06:15:00,81
8354,2022-06-07 06:30:00,148
8355,2022-06-07 06:45:00,289
8356,2022-06-07 07:00:00,443
8357,2022-06-07 07:15:00,445
8358,2022-06-07 07:30:00,510
8359,2022-06-07 07:45:00,551
8360,2022-06-07 08:00:00,545
8361,2022-06-07 08:15:00,630
8362,2022-06-07 08:30:00,630
8363,2022-06-07 08:45:00,650
8364,2022-06-07 09:00:00,573
8365,2022-06-07 09:15:00,570
8366,2022-06-07 09:30:00,611
8367,2022-06-07 09:45:00,608
8368,2022-06-07 10:00:00,481
8369,2022-06-07 10:15:00,433
8370,2022-06-07 10:30:00,455
8371,2022-06-07 10:45:00,370
8372,2022-06-07 11:00:00,371
8373,2022-06-07 11:15:00,341
8374,2022-06-07 11:30:00,376
8375,2022-06-07 11:45:00,379
8376,2022-06-07 12:00:00,370
8377,2022-06-07 12:15:00,444
8378,2022-06-07 12:30:00,414
8379,2022-06-07 12:45:00,395
8380,2022-06-07 13:00:00,415
8381,2022-06-07 13:15:00,371
8382,2022-06-07 13:30:00,397
8383,2022-06-07 13:45:00,367
8384,2022-06-07 14:00:00,391
8385,2022-06-07 14:15:00,378
8386,2022-06-07 14:30:00,389
8387,2022-06-07 14:45:00,325
8388,2022-06-07 15:00:00,323
8389,2022-06-07 15:15:00,337
8390,2022-06-07 15:30:00,320
8391,2022-06-07 15:45:00,287
8392,2022-06-07 16:00:00,305
8393,2022-06-07 16:15:00,382
8394,2022-06-07 16:30:00,323
8395,2022-06-07 16:45:00,350
8396,2022-06-07 17:00:00,412
8397,2022-06-07 17:15:00,373
8398,2022-06-07 17:30:00,391
8399,2022-06-07 17:45:00,374
8400,2022-06-07 18:00:00,377
8401,2022-06-07 18:15:00,420
8402,2022-06-07 18:30:00,361
8403,2022-06-07 18:45:00,378
8404,2022-06-07 19:00:00,382
8405,2022-06-07 19:15:00,405
8406,2022-06-07 19:30:00,338
8407,2022-06-07 19:45:00,300
8408,2022-06-07 20:00:00,308
8409,2022-06-07 20:15:00,304
8410,2022-06-07 20:30:00,270
8411,2022-06-07 20:45:00,237
8412,2022-06-07 21:00:00,206
8413,2022-06-07 21:15:00,215
8414,2022-06-07 21:30:00,217
8415,2022-06-07 21:45:00,203
8416,2022-06-07 22:00:00,200
8417,2022-06-07 22:15:00,207
8418,2022-06-07 22:30:00,148
8419,2022-06-07 22:45:00,130
8420,2022-06-07 23:00:00,114
8421,2022-06-07 23:15:00,131
8422,2022-06-07 23:30:00,110
8423,2022-06-07 23:45:00,94
11040,2022-07-05 06:00:00,43
11041,2022-07-05 06:15:00,71
11042,2022-07-05 06:30:00,172
11043,2022-07-05 06:45:00,320
11044,2022-07-05 07:00:00,485
11045,2022-07-05 07:15:00,521
11046,2022-07-05 07:30:00,574
11047,2022-07-05 07:45:00,699
11048,2022-07-05 08:00:00,620
11049,2022-07-05 08:15:00,642
11050,2022-07-05 08:30:00,607
11051,2022-07-05 08:45:00,575
11052,2022-07-05 09:00:00,587
11053,2022-07-05 09:15:00,555
11054,2022-07-05 09:30:00,519
11055,2022-07-05 09:45:00,524
11056,2022-07-05 10:00:00,414
11057,2022-07-05 10:15:00,364
11058,2022-07-05 10:30:00,365
11059,2022-07-05 10:45:00,356
11060,2022-07-05 11:00:00,290
11061,2022-07-05 11:15:00,313
11062,2022-07-05 11:30:00,354
11063,2022-07-05 11:45:00,337
11064,2022-07-05 12:00:00,376
11065,2022-07-05 12:15:00,382
11066,2022-07-05 12:30:00,368
11067,2022-07-05 12:45:00,450
11068,2022-07-05 13:00:00,398
11069,2022-07-05 13:15:00,413
11070,2022-07-05 13:30:00,371
11071,2022-07-05 13:45:00,326
11072,2022-07-05 14:00:00,338
11073,2022-07-05 14:15:00,324
11074,2022-07-05 14:30:00,337
11075,2022-07-05 14:45:00,369
11076,2022-07-05 15:00:00,322
11077,2022-07-05 15:15:00,348
11078,2022-07-05 15:30:00,346
11079,2022-07-05 15:45:00,358
11080,2022-07-05 16:00:00,357
11081,2022-07-05 16:15:00,414
11082,2022-07-05 16:30:00,397
11083,2022-07-05 16:45:00,397
11084,2022-07-05 17:00:00,422
11085,2022-07-05 17:15:00,437
11086,2022-07-05 17:30:00,424
11087,2022-07-05 17:45:00,407
11088,2022-07-05 18:00:00,452
11089,2022-07-05 18:15:00,410
11090,2022-07-05 18:30:00,362
11091,2022-07-05 18:45:00,407
11092,2022-07-05 19:00:00,359
11093,2022-07-05 19:15:00,343
11094,2022-07-05 19:30:00,301
11095,2022-07-05 19:45:00,273
11096,2022-07-05 20:00:00,282
11097,2022-07-05 20:15:00,289
11098,2022-07-05 20:30:00,262
11099,2022-07-05 20:45:00,243
11100,2022-07-05 21:00:00,204
11101,2022-07-05 21:15:00,197
11102,2022-07-05 21:30:00,203
11103,2022-07-05 21:45:00,200
11104,2022-07-05 22:00:00,217
11105,2022-07-05 22:15:00,189
11106,2022-07-05 22:30:00,176
11107,2022-07-05 22:45:00,100
11108,2022-07-05 23:00:00,113
11109,2022-07-05 23:15:00,120
11110,2022-07-05 23:30:00,93
11111,2022-07-05 23:45:00,62
11136,2022-07-06 06:00:00,40
11137,2022-07-06 06:15:00,85
11138,2022-07-06 06:30:00,173
11139,2022-07-06 06:45:00,277
11140,2022-07-06 07:00:00,493
11141,2022-07-06 07:15:00,498
11142,2022-07-06 07:30:00,545
11143,2022-07-06 07:45:00,592
11144,2022-07-06 08:00:00,618
11145,2022-07-06 08:15:00,576
11146,2022-07-06 08:30:00,544
11147,2022-07-06 08:45:00,596
11148,2022-07-06 09:00:00,548
11149,2022-07-06 09:15:00,532
11150,2022-07-06 09:30:00,612
11151,2022-07-06 09:45:00,560
11152,2022-07-06 10:00:00,534
11153,2022-07-06 10:15:00,543
11154,2022-07-06 10:30:00,500
11155,2022-07-06 10:45:00,421
11156,2022-07-06 11:00:00,425
11157,2022-07-06 11:15:00,388
11158,2022-07-06 11:30:00,389
11159,2022-07-06 11:45:00,375
11160,2022-07-06 12:00:00,412
11161,2022-07-06 12:15:00,396
11162,2022-07-06 12:30:00,366
11163,2022-07-06 12:45:00,393
11164,2022-07-06 13:00:00,423
11165,2022-07-06 13:15:00,400
11166,2022-07-06 13:30:00,362
11167,2022-07-06 13:45:00,373
11168,2022-07-06 14:00:00,373
11169,2022-07-06 14:15:00,325
11170,2022-07-06 14:30:00,373
11171,2022-07-06 14:45:00,351
11172,2022-07-06 15:00:00,393
11173,2022-07-06 15:15:00,386
11174,2022-07-06 15:30:00,368
11175,2022-07-06 15:45:00,339
11176,2022-07-06 16:00:00,361
11177,2022-07-06 16:15:00,393
11178,2022-07-06 16:30:00,352
11179,2022-07-06 16:45:00,383
11180,2022-07-06 17:00:00,424
11181,2022-07-06 17:15:00,422
11182,2022-07-06 17:30:00,470
11183,2022-07-06 17:45:00,404
11184,2022-07-06 18:00:00,397
11185,2022-07-06 18:15:00,375
11186,2022-07-06 18:30:00,380
11187,2022-07-06 18:45:00,400
11188,2022-07-06 19:00:00,367
11189,2022-07-06 19:15:00,377
11190,2022-07-06 19:30:00,326
11191,2022-07-06 19:45:00,275
11192,2022-07-06 20:00:00,311
11193,2022-07-06 20:15:00,288
11194,2022-07-06 20:30:00,263
11195,2022-07-06 20:45:00,222
11196,2022-07-06 21:00:00,214
11197,2022-07-06 21:15:00,224
11198,2022-07-06 21:30:00,175
11199,2022-07-06 21:45:00,200
11200,2022-07-06 22:00:00,189
11201,2022-07-06 22:15:00,181
11202,2022-07-06 22:30:00,176
11203,2022-07-06 22:45:00,120
11204,2022-07-06 23:00:00,118
11205,2022-07-06 23:15:00,115
11206,2022-07-06 23:30:00,110
11207,2022-07-06 23:45:00,83
11232,2022-07-07 06:00:00,44
11233,2022-07-07 06:15:00,74
11234,2022-07-07 06:30:00,160
11235,2022-07-07 06:45:00,309
11236,2022-07-07 07:00:00,500
11237,2022-07-07 07:15:00,534
11238,2022-07-07 07:30:00,550
11239,2022-07-07 07:45:00,608
11240,2022-07-07 08:00:00,603
11241,2022-07-07 08:15:00,615
11242,2022-07-07 08:30:00,587
11243,2022-07-07 08:45:00,576
11244,2022-07-07 09:00:00,584
11245,2022-07-07 09:15:00,540
11246,2022-07-07 09:30:00,511
11247,2022-07-07 09:45:00,450
11248,2022-07-07 10:00:00,443
11249,2022-07-07 10:15:00,384
11250,2022-07-07 10:30:00,369
11251,2022-07-07 10:45:00,350
11252,2022-07-07 11:00:00,331
11253,2022-07-07 11:15:00,331
11254,2022-07-07 11:30:00,319
11255,2022-07-07 11:45:00,325
11256,2022-07-07 12:00:00,379
11257,2022-07-07 12:15:00,399
11258,2022-07-07 12:30:00,418
11259,2022-07-07 12:45:00,403
11260,2022-07-07 13:00:00,366
11261,2022-07-07 13:15:00,363
11262,2022-07-07 13:30:00,362
11263,2022-07-07 13:45:00,340
11264,2022-07-07 14:00:00,342
11265,2022-07-07 14:15:00,357
11266,2022-07-07 14:30:00,320
11267,2022-07-07 14:45:00,340
11268,2022-07-07 15:00:00,358
11269,2022-07-07 15:15:00,403
11270,2022-07-07 15:30:00,354
11271,2022-07-07 15:45:00,296
11272,2022-07-07 16:00:00,348
11273,2022-07-07 16:15:00,366
11274,2022-07-07 16:30:00,390
11275,2022-07-07 16:45:00,422
11276,2022-07-07 17:00:00,459
11277,2022-07-07 17:15:00,415
11278,2022-07-07 17:30:00,381
11280,2022-07-07 18:00:00,405
11281,2022-07-07 18:15:00,415
11282,2022-07-07 18:30:00,430
11283,2022-07-07 18:45:00,419
11284,2022-07-07 19:00:00,376
11285,2022-07-07 19:15:00,382
11286,2022-07-07 19:30:00,334
11287,2022-07-07 19:45:00,306
11288,2022-07-07 20:00:00,347
11289,2022-07-07 20:15:00,313
11290,2022-07-07 20:30:00,284
11291,2022-07-07 20:45:00,242
11292,2022-07-07 21:00:00,242
11293,2022-07-07 21:15:00,230
11294,2022-07-07 21:30:00,217
11295,2022-07-07 21:45:00,234
11296,2022-07-07 22:00:00,240
11297,2022-07-07 22:15:00,252
11298,2022-07-07 22:30:00,188
11299,2022-07-07 22:45:00,157
11300,2022-07-07 23:00:00,116
11301,2022-07-07 23:15:00,114
11302,2022-07-07 23:30:00,108
11303,2022-07-07 23:45:00,68
11328,2022-07-08 06:00:00,24
11329,2022-07-08 06:15:00,72
11330,2022-07-08 06:30:00,147
11331,2022-07-08 06:45:00,283
11332,2022-07-08 07:00:00,490
11333,2022-07-08 07:15:00,494
11334,2022-07-08 07:30:00,599
11335,2022-07-08 07:45:00,613
11336,2022-07-08 08:00:00,581
11337,2022-07-08 08:15:00,633
11338,2022-07-08 08:30:00,536
11339,2022-07-08 08:45:00,510
11340,2022-07-08 09:00:00,394
11341,2022-07-08 09:15:00,368
11342,2022-07-08 09:30:00,385
11343,2022-07-08 09:45:00,360
11344,2022-07-08 10:00:00,341
11345,2022-07-08 10:15:00,347
11346,2022-07-08 10:30:00,357
11347,2022-07-08 10:45:00,312
11348,2022-07-08 11:00:00,350
11349,2022-07-08 11:15:00,306
11350,2022-07-08 11:30:00,292
11351,2022-07-08 11:45:00,326
11352,2022-07-08 12:00:00,377
11353,2022-07-08 12:15:00,391
11354,2022-07-08 12:30:00,439
11355,2022-07-08 12:45:00,390
11356,2022-07-08 13:00:00,415
11357,2022-07-08 13:15:00,394
11358,2022-07-08 13:30:00,395
11359,2022-07-08 13:45:00,349
11360,2022-07-08 14:00:00,359
11361,2022-07-08 14:15:00,359
11362,2022-07-08 14:30:00,318
11363,2022-07-08 14:45:00,364
11364,2022-07-08 15:00:00,355
11365,2022-07-08 15:15:00,375
11366,2022-07-08 15:30:00,350
11367,2022-07-08 15:45:00,336
11368,2022-07-08 16:00:00,302
11369,2022-07-08 16:15:00,383
11370,2022-07-08 16:30:00,361
11371,2022-07-08 16:45:00,355
11372,2022-07-08 17:00:00,371
11373,2022-07-08 17:15:00,376
11374,2022-07-08 17:30:00,387
11375,2022-07-08 17:45:00,357
11376,2022-07-08 18:00:00,346
11377,2022-07-08 18:15:00,373
11378,2022-07-08 18:30:00,358
11379,2022-07-08 18:45:00,357
11380,2022-07-08 19:00:00,368
11381,2022-07-08 19:15:00,338
11382,2022-07-08 19:30:00,348
11383,2022-07-08 19:45:00,324
11384,2022-07-08 20:00:00,279
11385,2022-07-08 20:15:00,310
11386,2022-07-08 20:30:00,251
11387,2022-07-08 20:45:00,266
11388,2022-07-08 21:00:00,203
11389,2022-07-08 21:15:00,201
11390,2022-07-08 21:30:00,217
11391,2022-07-08 21:45:00,214
11392,2022-07-08 22:00:00,199
11393,2022-07-08 22:15:00,243
11394,2022-07-08 22:30:00,198
11395,2022-07-08 22:45:00,157
11396,2022-07-08 23:00:00,140
11397,2022-07-08 23:15:00,119
11398,2022-07-08 23:30:00,106
11399,2022-07-08 23:45:00,90
11424,2022-07-09 06:00:00,27
11425,2022-07-09 06:15:00,54
11426,2022-07-09 06:30:00,69
11427,2022-07-09 06:45:00,72
11428,2022-07-09 07:00:00,95
11429,2022-07-09 07:15:00,91
11430,2022-07-09 07:30:00,126
11431,2022-07-09 07:45:00,152
11432,2022-07-09 08:00:00,164
11433,2022-07-09 08:15:00,163
11434,2022-07-09 08:30:00,182
11435,2022-07-09 08:45:00,240
11436,2022-07-09 09:00:00,223
11437,2022-07-09 09:15:00,252
11438,2022-07-09 09:30:00,231
11439,2022-07-09 09:45:00,296
11440,2022-07-09 10:00:00,303
11441,2022-07-09 10:15:00,255
11442,2022-07-09 10:30:00,248
11443,2022-07-09 10:45:00,303
11444,2022-07-09 11:00:00,283
11445,2022-07-09 11:15:00,316
11446,2022-07-09 11:30:00,283
11447,2022-07-09 11:45:00,298
11448,2022-07-09 12:00:00,317
11449,2022-07-09 12:15:00,342
11450,2022-07-09 12:30:00,305
11451,2022-07-09 12:45:00,295
11452,2022-07-09 13:00:00,319
11453,2022-07-09 13:15:00,313
11454,2022-07-09 13:30:00,356
11455,2022-07-09 13:45:00,277
11456,2022-07-09 14:00:00,313
11457,2022-07-09 14:15:00,287
11458,2022-07-09 14:30:00,290
11459,2022-07-09 14:45:00,300
11460,2022-07-09 15:00:00,295
11461,2022-07-09 15:15:00,254
11462,2022-07-09 15:30:00,262
11463,2022-07-09 15:45:00,259
11464,2022-07-09 16:00:00,282
11465,2022-07-09 16:15:00,222
11466,2022-07-09 16:30:00,263
11467,2022-07-09 16:45:00,234
11468,2022-07-09 17:00:00,228
11469,2022-07-09 17:15:00,223
11470,2022-07-09 17:30:00,233
11471,2022-07-09 17:45:00,250
11472,2022-07-09 18:00:00,232
11473,2022-07-09 18:15:00,270
11474,2022-07-09 18:30:00,288
11475,2022-07-09 18:45:00,246
11476,2022-07-09 19:00:00,251
11477,2022-07-09 19:15:00,233
11478,2022-07-09 19:30:00,234
11479,2022-07-09 19:45:00,194
11480,2022-07-09 20:00:00,208
11481,2022-07-09 20:15:00,182
11482,2022-07-09 20:30:00,163
11483,2022-07-09 20:45:00,158
11484,2022-07-09 21:00:00,159
11485,2022-07-09 21:15:00,189
11486,2022-07-09 21:30:00,179
11487,2022-07-09 21:45:00,178
11488,2022-07-09 22:00:00,164
11489,2022-07-09 22:15:00,204
11490,2022-07-09 22:30:00,163
11491,2022-07-09 22:45:00,119
11492,2022-07-09 23:00:00,120
11493,2022-07-09 23:15:00,119
11494,2022-07-09 23:30:00,92
11495,2022-07-09 23:45:00,80
11520,2022-07-10 06:00:00,39
11521,2022-07-10 06:15:00,32
11522,2022-07-10 06:30:00,41
11523,2022-07-10 06:45:00,45
11524,2022-07-10 07:00:00,52
11525,2022-07-10 07:15:00,62
11526,2022-07-10 07:30:00,93
11527,2022-07-10 07:45:00,102
11528,2022-07-10 08:00:00,112
11529,2022-07-10 08:15:00,111
11530,2022-07-10 08:30:00,125
11531,2022-07-10 08:45:00,173
11532,2022-07-10 09:00:00,148
11533,2022-07-10 09:15:00,122
11534,2022-07-10 09:30:00,163
11535,2022-07-10 09:45:00,178
11536,2022-07-10 10:00:00,167
11537,2022-07-10 10:15:00,168
11538,2022-07-10 10:30:00,191
11539,2022-07-10 10:45:00,174
11540,2022-07-10 11:00:00,202
11541,2022-07-10 11:15:00,202
11542,2022-07-10 11:30:00,198
11543,2022-07-10 11:45:00,229
11544,2022-07-10 12:00:00,231
11545,2022-07-10 12:15:00,254
11546,2022-07-10 12:30:00,231
11547,2022-07-10 12:45:00,211
11548,2022-07-10 13:00:00,208
11549,2022-07-10 13:15:00,201
11550,2022-07-10 13:30:00,220
11551,2022-07-10 13:45:00,232
11552,2022-07-10 14:00:00,190
11553,2022-07-10 14:15:00,184
11554,2022-07-10 14:30:00,208
11555,2022-07-10 14:45:00,197
11556,2022-07-10 15:00:00,166
11557,2022-07-10 15:15:00,194
11558,2022-07-10 15:30:00,180
11559,2022-07-10 15:45:00,171
11560,2022-07-10 16:00:00,171
11561,2022-07-10 16:15:00,172
11562,2022-07-10 16:30:00,173
11563,2022-07-10 16:45:00,182
11564,2022-07-10 17:00:00,178
11565,2022-07-10 17:15:00,226
11566,2022-07-10 17:30:00,206
11567,2022-07-10 17:45:00,201
11568,2022-07-10 18:00:00,218
11569,2022-07-10 18:15:00,201
11570,2022-07-10 18:30:00,166
11571,2022-07-10 18:45:00,166
11572,2022-07-10 19:00:00,162
11573,2022-07-10 19:15:00,167
11574,2022-07-10 19:30:00,209
11575,2022-07-10 19:45:00,163
11576,2022-07-10 20:00:00,134
11577,2022-07-10 20:15:00,173
11578,2022-07-10 20:30:00,173
11579,2022-07-10 20:45:00,149
11580,2022-07-10 21:00:00,156
11581,2022-07-10 21:15:00,176
11582,2022-07-10 21:30:00,135
11583,2022-07-10 21:45:00,75
11584,2022-07-10 22:00:00,127
11585,2022-07-10 22:15:00,95
11586,2022-07-10 22:30:00,93
11587,2022-07-10 22:45:00,67
11616,2022-07-11 06:00:00,16
11617,2022-07-11 06:15:00,31
11618,2022-07-11 06:30:00,34
11619,2022-07-11 06:45:00,41
11620,2022-07-11 07:00:00,31
11621,2022-07-11 07:15:00,59
11622,2022-07-11 07:30:00,42
11623,2022-07-11 07:45:00,53
11624,2022-07-11 08:00:00,63
11625,2022-07-11 08:15:00,66
11626,2022-07-11 08:30:00,74
11627,2022-07-11 08:45:00,91
11628,2022-07-11 09:00:00,101
11629,2022-07-11 09:15:00,120
11630,2022-07-11 09:30:00,129
11631,2022-07-11 09:45:00,165
11632,2022-07-11 10:00:00,150
11633,2022-07-11 10:15:00,156
11634,2022-07-11 10:30:00,165
11635,2022-07-11 10:45:00,177
11636,2022-07-11 11:00:00,185
11637,2022-07-11 11:15:00,154
11638,2022-07-11 11:30:00,194
11639,2022-07-11 11:45:00,218
11640,2022-07-11 12:00:00,233
11641,2022-07-11 12:15:00,233
11642,2022-07-11 12:30:00,216
11643,2022-07-11 12:45:00,251
11644,2022-07-11 13:00:00,242
11645,2022-07-11 13:15:00,217
11646,2022-07-11 13:30:00,250
11647,2022-07-11 13:45:00,213
11648,2022-07-11 14:00:00,207
11649,2022-07-11 14:15:00,225
11650,2022-07-11 14:30:00,238
11651,2022-07-11 14:45:00,213
11652,2022-07-11 15:00:00,209
11653,2022-07-11 15:15:00,240
11654,2022-07-11 15:30:00,233
11655,2022-07-11 15:45:00,211
11656,2022-07-11 16:00:00,200
11657,2022-07-11 16:15:00,231
11658,2022-07-11 16:30:00,208
11659,2022-07-11 16:45:00,191
11660,2022-07-11 17:00:00,204
11661,2022-07-11 17:15:00,195
11662,2022-07-11 17:30:00,238
11663,2022-07-11 17:45:00,220
11664,2022-07-11 18:00:00,213
11665,2022-07-11 18:15:00,227
11666,2022-07-11 18:30:00,197
11667,2022-07-11 18:45:00,209
11668,2022-07-11 19:00:00,223
11669,2022-07-11 19:15:00,204
11670,2022-07-11 19:30:00,220
11671,2022-07-11 19:45:00,197
11672,2022-07-11 20:00:00,189
11673,2022-07-11 20:15:00,177
11674,2022-07-11 20:30:00,166
11675,2022-07-11 20:45:00,171
11676,2022-07-11 21:00:00,161
11677,2022-07-11 21:15:00,175
11678,2022-07-11 21:30:00,177
11679,2022-07-11 21:45:00,179
11680,2022-07-11 22:00:00,159
11681,2022-07-11 22:15:00,175
11682,2022-07-11 22:30:00,135
11683,2022-07-11 22:45:00,121
11684,2022-07-11 23:00:00,112
11685,2022-07-11 23:15:00,80
11686,2022-07-11 23:30:00,109
11687,2022-07-11 23:45:00,67
